{"cameraMode":{"drawMode":0,"name":"Shaded","section":"Shading Mode"},"sceneLighting":false,"audioPlay":false,"sceneViewState":{"m_AlwaysRefresh":false,"showFog":true,"showSkybox":false,"showFlares":true,"showImageEffects":true,"showParticleSystems":true,"showVisualEffectGraphs":true,"m_FxEnabled":true},"in2DMode":false,"pivot":{"x":1.0148578882217408,"y":0.4000002443790436,"z":-0.6447157263755798},"rotation":{"x":0.09896396100521088,"y":0.5623655319213867,"z":-0.05986997112631798,"w":0.8203951120376587},"size":1.0058249235153199,"orthographic":false}