{"cameraMode":{"drawMode":0,"name":"Shaded","section":"Shading Mode"},"sceneLighting":false,"audioPlay":false,"sceneViewState":{"m_AlwaysRefresh":false,"showFog":true,"showSkybox":false,"showFlares":true,"showImageEffects":true,"showParticleSystems":true,"showVisualEffectGraphs":true,"m_FxEnabled":true},"in2DMode":false,"pivot":{"x":0.2362915575504303,"y":0.3975120186805725,"z":0.0024833157658576967},"rotation":{"x":-0.027555381879210473,"y":0.8627026081085205,"z":0.06201273202896118,"w":0.5038159489631653},"size":0.6934574842453003,"orthographic":false}