{"cameraMode":{"drawMode":0,"name":"Shaded","section":"Shading Mode"},"sceneLighting":false,"audioPlay":false,"sceneViewState":{"m_AlwaysRefresh":false,"showFog":true,"showSkybox":false,"showFlares":true,"showImageEffects":true,"showParticleSystems":true,"showVisualEffectGraphs":true,"m_FxEnabled":true},"in2DMode":false,"pivot":{"x":-2.1694891452789308,"y":0.8204138278961182,"z":1.8640143871307374},"rotation":{"x":-0.020691001787781717,"y":0.7267659902572632,"z":-0.021723976358771325,"w":-0.6864539980888367},"size":0.2652456760406494,"orthographic":false}