{"cameraMode":{"drawMode":0,"name":"Shaded","section":"Shading Mode"},"sceneLighting":false,"audioPlay":false,"sceneViewState":{"m_AlwaysRefresh":false,"showFog":true,"showSkybox":false,"showFlares":true,"showImageEffects":true,"showParticleSystems":true,"showVisualEffectGraphs":true,"m_FxEnabled":true},"in2DMode":false,"pivot":{"x":-5.8673322200775149e-8,"y":0.4000000059604645,"z":-1.0058283805847168e-7},"rotation":{"x":0.09896396100521088,"y":0.5623655319213867,"z":-0.05986997112631798,"w":0.8203951120376587},"size":0.4022449254989624,"orthographic":false}