{"cameraMode":{"drawMode":0,"name":"Shaded","section":"Shading Mode"},"sceneLighting":false,"audioPlay":false,"sceneViewState":{"m_AlwaysRefresh":false,"showFog":true,"showSkybox":false,"showFlares":true,"showImageEffects":true,"showParticleSystems":true,"showVisualEffectGraphs":true,"m_FxEnabled":true},"in2DMode":false,"pivot":{"x":-0.018374010920524598,"y":0.14937548339366914,"z":-0.014674988575279713},"rotation":{"x":-0.06788721680641175,"y":0.7532662153244019,"z":-0.07791002094745636,"w":-0.6498512625694275},"size":0.2788724899291992,"orthographic":false}