{"cameraMode":{"drawMode":0,"name":"Shaded","section":"Shading Mode"},"sceneLighting":false,"audioPlay":false,"sceneViewState":{"m_AlwaysRefresh":false,"showFog":true,"showSkybox":false,"showFlares":true,"showImageEffects":true,"showParticleSystems":true,"showVisualEffectGraphs":true,"m_FxEnabled":true},"in2DMode":false,"pivot":{"x":0.035000018775463107,"y":0.4085128605365753,"z":2.409905433654785},"rotation":{"x":0.09363674372434616,"y":0.7570958733558655,"z":-0.10127664357423783,"w":0.6402786374092102},"size":0.5471185445785523,"orthographic":false}