{"cameraMode":{"drawMode":0,"name":"Shaded","section":"Shading Mode"},"sceneLighting":true,"audioPlay":false,"sceneViewState":{"m_AlwaysRefresh":false,"showFog":true,"showSkybox":false,"showFlares":true,"showImageEffects":true,"showParticleSystems":true,"showVisualEffectGraphs":true,"m_FxEnabled":true},"in2DMode":false,"pivot":{"x":0.30779287219047549,"y":2.07565975189209,"z":1.2535847425460816},"rotation":{"x":-0.0020100618712604048,"y":0.9996144771575928,"z":0.016441425308585168,"w":0.038916874676942828},"size":1.823495626449585,"orthographic":false}