{"cameraMode":{"drawMode":0,"name":"Shaded","section":"Shading Mode"},"sceneLighting":false,"audioPlay":false,"sceneViewState":{"m_AlwaysRefresh":false,"showFog":true,"showSkybox":false,"showFlares":true,"showImageEffects":true,"showParticleSystems":true,"showVisualEffectGraphs":true,"m_FxEnabled":true},"in2DMode":false,"pivot":{"x":-0.28690680861473086,"y":0.1408616453409195,"z":-0.2120891660451889},"rotation":{"x":-0.03872722014784813,"y":0.9589022994041443,"z":-0.1916724145412445,"w":-0.21025657653808595},"size":0.19817094504833222,"orthographic":false}