{"cameraMode":{"drawMode":0,"name":"Shaded","section":"Shading Mode"},"sceneLighting":false,"audioPlay":false,"sceneViewState":{"m_AlwaysRefresh":false,"showFog":true,"showSkybox":false,"showFlares":true,"showImageEffects":true,"showParticleSystems":true,"showVisualEffectGraphs":true,"m_FxEnabled":true},"in2DMode":false,"pivot":{"x":-0.03482325002551079,"y":0.5227989554405212,"z":1.3573977947235108},"rotation":{"x":-0.09885229170322418,"y":0.38868463039398196,"z":-0.04730318859219551,"w":-0.9158709645271301},"size":5.359813213348389,"orthographic":false}