{"cameraMode":{"drawMode":0,"name":"Shaded","section":"Shading Mode"},"sceneLighting":false,"audioPlay":false,"sceneViewState":{"m_AlwaysRefresh":false,"showFog":true,"showSkybox":false,"showFlares":true,"showImageEffects":true,"showParticleSystems":true,"showVisualEffectGraphs":true,"m_FxEnabled":true},"in2DMode":false,"pivot":{"x":-0.28140711784362795,"y":0.22531241178512574,"z":-0.18238794803619386},"rotation":{"x":-0.07735824584960938,"y":0.9170353412628174,"z":-0.23127616941928864,"w":-0.3186175227165222},"size":0.07810984551906586,"orthographic":false}