{"cameraMode":{"drawMode":0,"name":"Shaded","section":"Shading Mode"},"sceneLighting":false,"audioPlay":false,"sceneViewState":{"m_AlwaysRefresh":false,"showFog":true,"showSkybox":false,"showFlares":true,"showImageEffects":true,"showParticleSystems":true,"showVisualEffectGraphs":true,"m_FxEnabled":true},"in2DMode":false,"pivot":{"x":0.06599999964237213,"y":0.6425944566726685,"z":2.509492874145508},"rotation":{"x":-0.05465000495314598,"y":0.436832994222641,"z":-0.031932391226291659,"w":-0.898373544216156},"size":2.3143014907836916,"orthographic":false}