{"cameraMode":{"drawMode":0,"name":"Shaded","section":"Shading Mode"},"sceneLighting":true,"audioPlay":false,"sceneViewState":{"m_AlwaysRefresh":false,"showFog":true,"showSkybox":true,"showFlares":true,"showImageEffects":true,"showParticleSystems":true,"showVisualEffectGraphs":true,"m_FxEnabled":true},"in2DMode":false,"pivot":{"x":-0.023899998515844346,"y":0.017799999564886094,"z":0.023499999195337297},"rotation":{"x":0.40289023518562319,"y":0.450831800699234,"z":-0.22983962297439576,"w":0.7644178867340088},"size":0.03622744604945183,"orthographic":false}