{"cameraMode":{"drawMode":0,"name":"Shaded","section":"Shading Mode"},"sceneLighting":true,"audioPlay":false,"sceneViewState":{"m_AlwaysRefresh":false,"showFog":true,"showSkybox":true,"showFlares":true,"showImageEffects":true,"showParticleSystems":true,"showVisualEffectGraphs":true,"m_FxEnabled":true},"in2DMode":false,"pivot":{"x":-0.29873526096343996,"y":-0.12657330930233003,"z":0.10264913737773895},"rotation":{"x":-0.15711165964603425,"y":-0.8454030752182007,"z":0.32362404465675356,"w":-0.39731699228286745},"size":0.8693991899490356,"orthographic":false}