{"cameraMode":{"drawMode":0,"name":"Shaded","section":"Shading Mode"},"sceneLighting":true,"audioPlay":false,"sceneViewState":{"m_AlwaysRefresh":false,"showFog":true,"showSkybox":true,"showFlares":true,"showImageEffects":true,"showParticleSystems":true,"showVisualEffectGraphs":true,"m_FxEnabled":true},"in2DMode":false,"pivot":{"x":-1.6430467367172242,"y":2.0635428428649904,"z":-0.33248764276504519},"rotation":{"x":-0.0021473143715411426,"y":0.9883506298065186,"z":-0.15544083714485169,"w":-0.0027640198823064567},"size":15.193658828735352,"orthographic":false}