{"cameraMode":{"drawMode":0,"name":"Shaded","section":"Shading Mode"},"sceneLighting":true,"audioPlay":false,"sceneViewState":{"m_AlwaysRefresh":false,"showFog":true,"showSkybox":true,"showFlares":true,"showImageEffects":true,"showParticleSystems":true,"showVisualEffectGraphs":true,"m_FxEnabled":true},"in2DMode":false,"pivot":{"x":0.18786591291427613,"y":4.9056525230407719,"z":3.5389564037323},"rotation":{"x":-0.08072498440742493,"y":0.2308044135570526,"z":-0.017331261187791826,"w":-0.9700180292129517},"size":0.9290542006492615,"orthographic":false}